full_name,email,phone
Thane,non.lacinia.at@Nunccommodo.com,1-395-135-9910
Cody,vulputate.mauris.sagittis@at.org,1-862-194-0150
Guinevere,quis@auctornon.com,1-567-156-7857
Aurelia,magnis.dis.parturient@hendreritneque.edu,1-203-901-0861
Paki,neque.Nullam@blandit.com,1-240-497-3173
Susan,nibh@gravida.ca,1-923-238-0564
Richard,nunc@laciniaatiaculis.net,1-587-551-0917
Ciaran,fringilla.mi@vestibulummassa.ca,1-380-642-1994
Allistair,metus.In@enim.ca,1-506-940-1320
Alvin,magna.malesuada.vel@ut.ca,1-796-355-7926
Beverly,dui.nec@Praesent.co.uk,1-160-458-5283
Nathaniel,ornare@nulla.com,1-867-563-7677
Austin,gravida@lectusCum.co.uk,1-664-631-5986
Hamish,Sed.auctor@nonummyultricies.edu,1-235-880-7968
Lydia,Cras@facilisisnon.edu,1-151-983-4391
Colette,mi.lacinia@erategetipsum.net,1-190-169-4398
Tyler,adipiscing.fringilla@arcuSed.com,1-591-904-1144
Pamela,hendrerit.neque.In@ornaretortorat.com,1-373-100-4715
Francis,sit@orciquislectus.co.uk,1-891-139-9523
Phillip,leo@ut.org,1-975-716-1161
Aileen,diam.Sed@erat.ca,1-655-731-2286
Kellie,Fusce@CuraePhasellus.net,1-442-978-6285
Kiona,nec@nisi.ca,1-181-865-2937
Dane,felis.ullamcorper@MorbivehiculaPellentesque.ca,1-652-998-9734
Dorian,congue@Duisac.co.uk,1-962-912-6031
Cecilia,risus.Quisque@odiosagittissemper.ca,1-909-192-0285
Kane,Duis@magnaUttincidunt.edu,1-851-747-6069
Hannah,ut@litora.org,1-538-824-1626
April,aliquet@id.org,1-227-680-6527
Barclay,sem.mollis.dui@interdumlibero.net,1-150-722-2764
Buffy,bibendum.ullamcorper.Duis@lacus.org,1-485-967-4100
Acton,nisi.dictum@egestas.org,1-824-194-0960
Tarik,turpis.non@eleifend.org,1-956-275-6103
Lee,nisi@Nunc.net,1-261-642-9165
Drew,enim.Mauris.quis@egetipsum.co.uk,1-885-550-0601
Carla,diam.luctus.lobortis@tellusfaucibus.net,1-666-688-9175
Abdul,orci.quis.lectus@sollicitudina.ca,1-821-740-9213
Chester,amet.lorem@mi.com,1-349-643-3112
Addison,et.euismod@vulputate.edu,1-508-286-8523
Garrison,ac.turpis.egestas@aliquamadipiscinglacus.net,1-503-886-9055
Kylan,Nam@NullaaliquetProin.co.uk,1-554-749-5613
Gil,ultrices.Vivamus@senectuset.com,1-510-596-7243
Uriel,euismod@Donectempor.org,1-962-408-0691
Iliana,sed.dui.Fusce@inmolestie.ca,1-697-777-3091
Driscoll,dis.parturient.montes@montesnascetur.ca,1-617-667-6018
Adrienne,fames@malesuadamalesuadaInteger.ca,1-577-843-2793
Jerry,elit.pellentesque.a@In.ca,1-792-153-8161
Joshua,eu.enim@Morbinequetellus.edu,1-533-427-4359
Raja,lorem@quisarcu.com,1-143-664-1316
Drake,hendrerit@tinciduntDonec.com,1-675-547-6659
Martena,tempus@adipiscingnonluctus.com,1-298-656-1885
Tatyana,elit.erat@Namtempordiam.net,1-378-113-8421
Leandra,arcu.Sed@orciDonec.org,1-133-286-0663
Danielle,dolor@magnaaneque.co.uk,1-918-400-2432
Wade,Cum@sed.com,1-163-783-0039
Meredith,et.commodo.at@miAliquamgravida.com,1-299-195-0669
Cassidy,Nullam.scelerisque@orciPhasellus.com,1-500-275-3031
Holly,sed.turpis.nec@volutpat.co.uk,1-166-595-2456
Suki,ridiculus@Vestibulum.net,1-781-500-9200
Regan,fermentum.arcu@lorem.com,1-732-571-8721
Rylee,tempus.scelerisque.lorem@enim.com,1-952-287-0401
Eugenia,dui@augueeu.org,1-476-284-5848
Ronan,erat.semper@vehicula.net,1-525-875-2669
Yeo,convallis.in@in.com,1-648-119-2332
Nasim,nisi.Cum.sociis@primisinfaucibus.edu,1-890-288-5622
Hollee,Donec.nibh.Quisque@eratsemperrutrum.edu,1-906-589-4642
Haviva,pede.Cum.sociis@imperdietullamcorper.co.uk,1-402-578-6928
Lev,auctor.vitae@tortor.co.uk,1-172-721-5261
Alfonso,arcu.Sed.et@DonecegestasDuis.co.uk,1-236-479-9226
Cadman,tortor.at@dolor.net,1-488-770-4341
Griffith,pellentesque.a@lobortistellus.net,1-427-332-9077
Carolyn,ultricies@urnanecluctus.edu,1-327-497-8663
Brianna,enim.gravida.sit@sitametconsectetuer.co.uk,1-475-635-6214
Prescott,tincidunt.nunc@amet.net,1-338-101-0589
Allistair,ligula.eu@ac.org,1-621-835-9043
Gregory,dapibus.quam@Donecconsectetuer.org,1-171-728-2735
Madaline,nec.quam@arcu.co.uk,1-741-761-3552
Myles,Fusce.aliquet@sodales.com,1-622-991-6688
Fritz,ultricies.ornare@urnanec.org,1-163-108-8697
Marshall,Curabitur@semelit.net,1-869-921-4079
Zeph,et@lorem.ca,1-820-949-4257
Jin,nec.euismod.in@morbi.org,1-470-720-4546
Colt,sed@Vivamus.ca,1-355-394-1223
Alvin,Morbi@Pellentesque.ca,1-567-429-7765
Chaney,erat@ullamcorper.edu,1-136-641-0477
Hermione,Duis.cursus.diam@fringillaporttitorvulputate.edu,1-311-289-0175
Baker,eu.eros.Nam@luctusetultrices.ca,1-685-304-5592
Tamekah,risus@vel.org,1-958-557-5849
Travis,bibendum@MorbimetusVivamus.org,1-137-563-5097
